{
  "HTTP Request Test-0" : {
    "transaction" : "HTTP Request Test-0",
    "sampleCount" : 294,
    "errorCount" : 0,
    "errorPct" : 0.0,
    "meanResTime" : 121.19387755102042,
    "medianResTime" : 110.0,
    "minResTime" : 88.0,
    "maxResTime" : 410.0,
    "pct1ResTime" : 152.0,
    "pct2ResTime" : 169.0,
    "pct3ResTime" : 391.5500000000001,
    "throughput" : 3.3623440341266484,
    "receivedKBytesPerSec" : 2.673135879012798,
    "sentKBytesPerSec" : 0.4071588478825238
  },
  "Total" : {
    "transaction" : "Total",
    "sampleCount" : 888,
    "errorCount" : 6,
    "errorPct" : 0.6756757,
    "meanResTime" : 275.63513513513493,
    "medianResTime" : 239.5,
    "minResTime" : 72.0,
    "maxResTime" : 731.0,
    "pct1ResTime" : 532.1,
    "pct2ResTime" : 584.0,
    "pct3ResTime" : 631.7600000000002,
    "throughput" : 9.844134536505333,
    "receivedKBytesPerSec" : 593.1084129658781,
    "sentKBytesPerSec" : 1.6058296427066936
  },
  "HTTP Request Test-1" : {
    "transaction" : "HTTP Request Test-1",
    "sampleCount" : 294,
    "errorCount" : 0,
    "errorPct" : 0.0,
    "meanResTime" : 294.21088435374133,
    "medianResTime" : 238.0,
    "minResTime" : 148.0,
    "maxResTime" : 601.0,
    "pct1ResTime" : 476.5,
    "pct2ResTime" : 496.75,
    "pct3ResTime" : 582.1500000000001,
    "throughput" : 3.369897871462467,
    "receivedKBytesPerSec" : 303.9188248806495,
    "sentKBytesPerSec" : 0.4179463180427083
  },
  "HTTP Request Test" : {
    "transaction" : "HTTP Request Test",
    "sampleCount" : 300,
    "errorCount" : 6,
    "errorPct" : 2.0,
    "meanResTime" : 408.7833333333335,
    "medianResTime" : 366.0,
    "minResTime" : 72.0,
    "maxResTime" : 731.0,
    "pct1ResTime" : 593.0,
    "pct2ResTime" : 613.95,
    "pct3ResTime" : 688.96,
    "throughput" : 3.325721127197747,
    "receivedKBytesPerSec" : 296.58128209667314,
    "sentKBytesPerSec" : 0.8069420617808127
  }
}